Volunteer_ID,Name,Age,Gender,Phone,Department,Assigned_Camp
VOL001,Anita Mehta,25,Female,9443578314,Communication,CAMP033
VOL002,Neha Gupta,44,Female,9410788418,Administration,CAMP003
VOL003,Rakesh Gupta,19,Male,9945755431,Search and Rescue,CAMP007
VOL004,Vikram Patel,21,Male,9437696005,Medical,CAMP029
VOL005,Rakesh Verma,21,Female,9826258095,First Aid,CAMP097
VOL006,Sakshi Gupta,37,Female,9450088805,Medical,CAMP053
VOL007,Rahul Sharma,45,Male,9647714858,Rescue,CAMP020
VOL008,Mr. Sharma,65,Female,9921230892,Rescue,CAMP029
VOL009,Meena Sharma,31,Male,9925429623,Food Supply,CAMP003
VOL010,Sakshi Sharma,22,Female,9518193205,Rescue,CAMP051
VOL011,Prof. Mehta,30,Female,9279143800,Medical,CAMP064
VOL012,Prakash Kumar,37,Male,9647385173,Administration,CAMP023
VOL013,Kavita Joshi,49,Female,9396571448,Food Supply,CAMP096
VOL014,Amit Joshi,25,Female,9966358383,Rescue,CAMP094
VOL015,Prakash Yadav,32,Female,9527918328,Transport,CAMP030
VOL016,Rakesh Yadav,29,Female,9949241393,First Aid,CAMP082
VOL017,Neha Pandey,37,Female,9133426938,Administration,CAMP077
VOL018,Suresh Verma,63,Female,9279163794,Search and Rescue,CAMP003
VOL019,Mrs. Rao,20,Female,9484098852,Transport,CAMP036
VOL020,Ms. Mehta,59,Female,9976946736,Rescue,CAMP014
VOL021,Anita Shah,49,Male,9864998989,Medical,CAMP040
VOL022,Sakshi Singh,54,Male,9106704219,First Aid,CAMP082
VOL023,Sakshi Rao,54,Male,9300237977,Food Supply,CAMP058
VOL024,Prakash Joshi,21,Female,9689423606,Food Supply,CAMP097
VOL025,Rekha Sharma,51,Male,9495821166,Search and Rescue,CAMP035
VOL026,Rajesh Yadav,44,Male,9724352733,Rescue,CAMP097
VOL027,Ruchi Sharma,48,Female,9466497781,Search and Rescue,CAMP004
VOL028,Vikram Sharma,22,Male,9283146747,Food Supply,CAMP079
VOL029,Manish Desai,24,Male,9442730916,Search and Rescue,CAMP100
VOL030,Manish Singh,45,Male,9517849244,Rescue,CAMP097
VOL031,Sangeeta Desai,47,Female,9160453389,Transport,CAMP016
VOL032,Priyanka Shah,50,Female,9221757751,Rescue,CAMP003
VOL033,Suresh Gupta,52,Female,9677948296,Administration,CAMP041
VOL034,Priyanka Gupta,21,Female,9120123586,Rescue,CAMP002
VOL035,Ms. Kumar,22,Male,9631904552,Rescue,CAMP063
VOL036,Prof. Gupta,54,Female,9307483398,Communication,CAMP006
VOL037,Vikram Yadav,29,Female,9759734609,Rescue,CAMP050
VOL038,Rekha Gupta,53,Male,9300951774,Transport,CAMP053
VOL039,Sakshi Kumar,62,Female,9598160147,Communication,CAMP062
VOL040,Kavita Sharma,36,Male,9717415561,Rescue,CAMP070
VOL041,Prof. Gupta,41,Male,9538925131,Transport,CAMP100
VOL042,Ms. Kumar,36,Female,9832818748,Transport,CAMP010
VOL043,Anita Shah,53,Male,9506277838,Search and Rescue,CAMP083
VOL044,Sangeeta Verma,28,Female,9916017773,Food Supply,CAMP073
VOL045,Rekha Verma,20,Male,9630674271,Administration,CAMP069
VOL046,Amit Sharma,55,Female,9152765141,Food Supply,CAMP045
VOL047,Deepak Singh,56,Female,9203271076,Logistics,CAMP084
VOL048,Dr. Verma,60,Male,9518459075,Shelter Management,CAMP002
VOL049,Dr. Sharma,60,Female,9142121483,Communication,CAMP062
VOL050,Prof. Rao,36,Male,9677458888,Search and Rescue,CAMP081
VOL051,Amit Pandey,36,Female,9396724511,Shelter Management,CAMP035
VOL052,Mrs. Verma,18,Female,9378841032,Food Supply,CAMP052
VOL053,Sakshi Patel,48,Male,9547407220,Logistics,CAMP021
VOL054,Meena Gupta,23,Male,9718328504,Administration,CAMP044
VOL055,Ms. Reddy,31,Male,9443716645,First Aid,CAMP007
VOL056,Prof. Shah,64,Female,9630984502,Medical,CAMP088
VOL057,Meena Shah,59,Male,9869618240,First Aid,CAMP074
VOL058,Sangeeta Reddy,39,Female,9921816872,Search and Rescue,CAMP095
VOL059,Suresh Joshi,39,Male,9402154907,Shelter Management,CAMP012
VOL060,Ruchi Rao,41,Female,9643894169,Logistics,CAMP059
VOL061,Rekha Gupta,27,Male,9394131156,Food Supply,CAMP010
VOL062,Manish Verma,29,Female,9796299607,Communication,CAMP091
VOL063,Sakshi Joshi,53,Male,9302699542,Shelter Management,CAMP036
VOL064,Rekha Gupta,38,Male,9657150047,Administration,CAMP031
VOL065,Kavita Yadav,25,Female,9268590292,Rescue,CAMP005
VOL066,Sunil Shah,44,Female,9733246333,First Aid,CAMP051
VOL067,Sunil Desai,65,Male,9340846705,Food Supply,CAMP088
VOL068,Priyanka Shah,30,Female,9230872378,Search and Rescue,CAMP094
VOL069,Meena Pandey,22,Male,9151872428,Administration,CAMP079
VOL070,Sangeeta Kumar,50,Female,9690394371,Search and Rescue,CAMP037
VOL071,Prof. Singh,37,Female,9342740632,First Aid,CAMP054
VOL072,Suresh Pandey,55,Female,9926200703,Food Supply,CAMP077
VOL073,Anita Reddy,41,Female,9721595243,Food Supply,CAMP084
VOL074,Kavita Rao,56,Female,9868691447,First Aid,CAMP072
VOL075,Sakshi Rao,40,Male,9187750384,Transport,CAMP011
VOL076,Rajesh Sharma,50,Male,9432271909,Medical,CAMP026
VOL077,Rahul Joshi,31,Female,9289348487,Food Supply,CAMP041
VOL078,Kavita Singh,37,Female,9665395611,First Aid,CAMP026
VOL079,Vikram Mehta,59,Female,9570777903,Administration,CAMP098
VOL080,Dr. Joshi,51,Female,9729743648,Shelter Management,CAMP021
VOL081,Anita Sharma,48,Female,9626728971,Communication,CAMP024
VOL082,Mr. Sharma,62,Female,9135494514,First Aid,CAMP032
VOL083,Rekha Sharma,51,Female,9748854720,Shelter Management,CAMP045
VOL084,Anita Singh,22,Male,9294000720,Transport,CAMP100
VOL085,Sunil Sharma,35,Female,9561461822,Transport,CAMP065
VOL086,Deepak Mehta,36,Female,9571592946,Administration,CAMP088
VOL087,Rakesh Desai,46,Male,9685224934,Communication,CAMP016
VOL088,Suresh Mehta,47,Male,9610641628,Shelter Management,CAMP056
VOL089,Meena Singh,60,Male,9217378199,Shelter Management,CAMP058
VOL090,Amit Pandey,46,Male,9761052258,Shelter Management,CAMP007
VOL091,Sakshi Gupta,64,Male,9737745399,Communication,CAMP001
VOL092,Mr. Gupta,26,Male,9901118582,Transport,CAMP046
VOL093,Mr. Mehta,25,Male,9697436763,Transport,CAMP063
VOL094,Kavita Kumar,48,Female,9805314310,Logistics,CAMP032
VOL095,Priyanka Gupta,26,Male,9678322839,Administration,CAMP019
VOL096,Prof. Reddy,55,Male,9830508356,Shelter Management,CAMP054
VOL097,Sakshi Joshi,44,Male,9912414244,Communication,CAMP062
VOL098,Rekha Desai,60,Male,9240299600,Medical,CAMP050
VOL099,Sunil Rao,51,Male,9784620851,First Aid,CAMP064
VOL100,Prakash Joshi,57,Female,9464410434,Medical,CAMP088
VOL101,Rakesh Mehta,47,Male,9425525789,Rescue,CAMP007
VOL102,Rajesh Singh,21,Female,9409745103,Rescue,CAMP073
VOL103,Ms. Desai,46,Female,9179849339,Administration,CAMP024
VOL104,Sakshi Patel,45,Male,9828643108,Transport,CAMP059
VOL105,Prakash Patel,62,Female,9774008649,First Aid,CAMP092
VOL106,Sunil Joshi,25,Male,9790528066,Communication,CAMP081
VOL107,Rajesh Singh,30,Female,9985975981,Food Supply,CAMP099
VOL108,Mrs. Mehta,59,Female,9485452957,Logistics,CAMP091
VOL109,Rajesh Singh,19,Male,9187134995,Communication,CAMP073
VOL110,Manish Yadav,34,Male,9277552251,Food Supply,CAMP067
VOL111,Deepak Sharma,64,Male,9758940001,Food Supply,CAMP034
VOL112,Deepak Mehta,40,Female,9945430043,Transport,CAMP042
VOL113,Anita Sharma,19,Male,9727322018,Search and Rescue,CAMP022
VOL114,Ms. Kumar,61,Male,9551900686,Transport,CAMP006
VOL115,Mr. Desai,41,Male,9215714792,First Aid,CAMP012
VOL116,Anita Verma,42,Male,9963162097,Rescue,CAMP038
VOL117,Rajesh Gupta,24,Female,9788688737,Administration,CAMP013
VOL118,Sunil Verma,61,Male,9392211665,First Aid,CAMP083
VOL119,Deepak Mehta,56,Male,9278497250,Medical,CAMP020
VOL120,Anita Reddy,31,Female,9952029877,Rescue,CAMP025
VOL121,Rekha Kumar,36,Male,9811262251,Food Supply,CAMP011
VOL122,Rajesh Patel,32,Female,9510647921,Medical,CAMP004
VOL123,Suresh Sharma,61,Female,9453011877,Transport,CAMP064
VOL124,Mrs. Sharma,65,Female,9440047421,Shelter Management,CAMP042
VOL125,Sangeeta Gupta,31,Male,9804621573,Administration,CAMP086
VOL126,Rekha Sharma,20,Male,9407479599,Food Supply,CAMP057
VOL127,Rahul Sharma,22,Male,9259063343,Administration,CAMP093
VOL128,Rakesh Gupta,64,Male,9247203267,First Aid,CAMP096
VOL129,Dr. Verma,56,Female,9849259750,Logistics,CAMP004
VOL130,Sunil Pandey,62,Male,9369771464,Medical,CAMP076
VOL131,Rakesh Singh,19,Female,9482312382,Transport,CAMP034
VOL132,Manish Reddy,23,Female,9264694037,Rescue,CAMP039
VOL133,Kavita Shah,35,Male,9930204671,Search and Rescue,CAMP054
VOL134,Sakshi Pandey,29,Male,9413927436,Search and Rescue,CAMP051
VOL135,Ms. Rao,28,Male,9211726459,Shelter Management,CAMP039
VOL136,Anita Desai,28,Male,9939081384,First Aid,CAMP081
VOL137,Priyanka Singh,36,Male,9795629579,Food Supply,CAMP045
VOL138,Ms. Verma,51,Female,9510308461,Communication,CAMP008
VOL139,Rajesh Singh,65,Male,9132987428,Food Supply,CAMP040
VOL140,Prakash Reddy,60,Female,9876175452,Medical,CAMP028
VOL141,Prakash Gupta,54,Female,9979074639,Food Supply,CAMP010
VOL142,Meena Kumar,55,Male,9863073476,Medical,CAMP089
VOL143,Sunil Desai,19,Female,9820906537,Food Supply,CAMP068
VOL144,Anita Gupta,63,Female,9519399395,Shelter Management,CAMP100
VOL145,Dr. Joshi,56,Female,9685125503,Search and Rescue,CAMP022
VOL146,Rahul Kumar,26,Male,9776364230,Search and Rescue,CAMP088
VOL147,Deepak Reddy,23,Male,9965200593,Administration,CAMP005
VOL148,Mrs. Joshi,44,Male,9505667774,Administration,CAMP034
VOL149,Sunil Reddy,18,Male,9738276650,Food Supply,CAMP062
VOL150,Prof. Kumar,59,Female,9388697996,Logistics,CAMP079
VOL151,Ruchi Joshi,36,Male,9952027464,Shelter Management,CAMP090
VOL152,Anita Singh,51,Female,9215268604,Search and Rescue,CAMP079
VOL153,Prof. Patel,29,Female,9557266667,Administration,CAMP015
VOL154,Rekha Reddy,35,Female,9356266782,Shelter Management,CAMP065
VOL155,Ruchi Desai,34,Female,9646682124,Food Supply,CAMP099
VOL156,Ruchi Sharma,21,Female,9949025846,Communication,CAMP049
VOL157,Mrs. Verma,57,Male,9201661574,Food Supply,CAMP046
VOL158,Rakesh Pandey,59,Male,9164421348,Shelter Management,CAMP058
VOL159,Anita Joshi,25,Female,9698863815,Transport,CAMP091
VOL160,Rakesh Verma,36,Female,9929900226,Administration,CAMP010
VOL161,Rakesh Kumar,34,Male,9647725888,Transport,CAMP003
VOL162,Manish Patel,29,Male,9678849357,First Aid,CAMP009
VOL163,Rakesh Sharma,45,Male,9520241553,Search and Rescue,CAMP029
VOL164,Amit Verma,28,Male,9726969899,Communication,CAMP100
VOL165,Amit Rao,49,Female,9491820599,Search and Rescue,CAMP042
VOL166,Suresh Mehta,57,Male,9720876118,Search and Rescue,CAMP020
VOL167,Anita Desai,60,Female,9736242252,Medical,CAMP097
VOL168,Rajesh Sharma,37,Female,9738615331,Shelter Management,CAMP004
VOL169,Priyanka Rao,60,Female,9499733739,Communication,CAMP015
VOL170,Priyanka Gupta,31,Female,9192832772,Communication,CAMP022
VOL171,Mrs. Joshi,20,Male,9839490712,Search and Rescue,CAMP093
VOL172,Kavita Yadav,41,Male,9188088488,Search and Rescue,CAMP085
VOL173,Vikram Rao,24,Male,9789428796,Food Supply,CAMP094
VOL174,Ms. Rao,39,Male,9834553645,Food Supply,CAMP011
VOL175,Sunil Yadav,47,Male,9282205293,Food Supply,CAMP065
VOL176,Neha Gupta,27,Female,9624881557,Rescue,CAMP039
VOL177,Anita Pandey,44,Female,9307573485,Administration,CAMP044
VOL178,Mr. Gupta,65,Female,9839582242,Transport,CAMP029
VOL179,Vikram Desai,37,Male,9756674969,Administration,CAMP054
VOL180,Prof. Yadav,52,Female,9110471084,Medical,CAMP026
VOL181,Suresh Verma,32,Male,9198542568,Communication,CAMP059
VOL182,Kavita Gupta,32,Female,9251878601,Shelter Management,CAMP051
VOL183,Prof. Singh,18,Female,9409403362,First Aid,CAMP038
VOL184,Priyanka Gupta,63,Female,9743217079,Rescue,CAMP073
VOL185,Rahul Singh,41,Male,9574074830,Rescue,CAMP036
VOL186,Manish Pandey,62,Female,9543138149,Search and Rescue,CAMP060
VOL187,Rekha Desai,53,Male,9966125241,Search and Rescue,CAMP086
VOL188,Prakash Reddy,39,Male,9504239424,First Aid,CAMP054
VOL189,Mr. Desai,35,Female,9188968283,Shelter Management,CAMP015
VOL190,Prof. Yadav,25,Female,9429299344,Shelter Management,CAMP019
VOL191,Dr. Joshi,19,Female,9921798153,Medical,CAMP034
VOL192,Rekha Gupta,47,Male,9432961499,Transport,CAMP086
VOL193,Mr. Kumar,29,Female,9517697474,Search and Rescue,CAMP026
VOL194,Prakash Rao,48,Male,9401002873,Rescue,CAMP010
VOL195,Sunil Patel,22,Female,9178485285,First Aid,CAMP092
VOL196,Sangeeta Desai,64,Female,9966741833,First Aid,CAMP081
VOL197,Suresh Shah,61,Female,9446527639,Rescue,CAMP043
VOL198,Mrs. Reddy,25,Female,9584401295,Logistics,CAMP054
VOL199,Mr. Kumar,44,Female,9113955260,Medical,CAMP085
VOL200,Priyanka Reddy,54,Female,9798075147,Food Supply,CAMP087
